Id,PostTypeId,AcceptedAnswerId,ParentId,CreationDate,DeletionDate,Score,ViewCount,OwnerUserId,OwnerDisplayName,LastEditorUserId,LastEditorDisplayName,LastEditDate,LastActivityDate,Title,Tags,AnswerCount,CommentCount,FavoriteCount,ClosedDate,CommunityOwnedDate
651038,1,651079,,3/16/2009 15:56,,1244,1000729,78642,BigDave,63550,,12/18/2016 21:25,1/8/2017 20:13,How do you clone a Git repository into a specific folder?,<git><repository><git-clone>,14,1,273,,
2941189,1,2941203,,5/31/2010 3:15,,536,1003868,111479,,6887672,,2/16/2017 15:58,2/16/2017 15:58,How to overlay one div over another div,<html><css><position><overlay>,6,0,170,,
1291942,1,1291950,,8/18/2009 5:20,,720,1005206,104015,,100754,,8/25/2009 17:20,1/16/2017 11:28,"What does ""javascript:void(0)"" mean?",<javascript><html><href><void>,11,5,237,,
4037939,1,4038991,,10/27/2010 21:39,,898,1006708,489400,,63550,,12/1/2014 19:45,2/3/2017 11:48,"PowerShell says ""execution of scripts is disabled on this system.""",<powershell><powershell-v2.0><windows-server-2008-r2>,18,3,225,,
1895476,1,13968900,,12/13/2009 3:33,,812,1008062,84201,,1113772,,3/1/2013 18:03,2/17/2017 2:10,How to style a <select> dropdown with CSS only without JavaScript?,<html><css><combobox><cross-browser><skinning>,24,7,310,,
175415,1,175446,,10/6/2008 17:53,,484,1008651,4872,Ray Vega,1708520,,12/7/2013 2:36,2/2/2017 20:00,How do I get list of all tables in a database using TSQL?,<sql-server><tsql><database-table>,12,2,97,,
359494,1,359509,,12/11/2008 14:19,,4401,1008848,44990,,1063716,user166390,7/22/2016 15:36,3/1/2017 23:44,Which equals operator (== vs ===) should be used in JavaScript comparisons?,<javascript><operators><equality><equality-operator><identity-operator>,42,26,1396,,
11461607,1,11461676,,7/12/2012 22:23,,616,1010603,1522092,,4864943,user5777746,7/5/2016 8:15,1/4/2017 6:22,Can't start Eclipse - Java was started but returned exit code=13,<java><android><eclipse><windows>,36,3,113,,
419163,1,419185,,1/7/2009 4:11,,2545,1013531,51518,koldfyre,4734394,saua,1/1/2017 16:11,1/20/2017 19:32,"What does if __name__ == ""__main__"": do?",<python><module><namespaces><main><idioms>,16,0,1040,,
2353818,1,,,3/1/2010 4:09,,1267,1016377,279932,,739331,,1/13/2013 16:05,1/15/2017 9:48,How do I get started with Node.js,<javascript><node.js>,3,1,4261,,10/2/2012 22:04
3480771,1,3480785,,8/13/2010 21:25,,637,1019068,420022,,904874,,2/19/2016 6:39,1/17/2017 14:45,How do I check if string contains substring?,<javascript><jquery><string><contains>,12,4,135,,
469357,1,469362,,1/22/2009 14:36,,460,1021855,13370,Jangwenyi,347833,,7/21/2015 14:19,1/29/2017 6:44,HTML Text Input allow only Numeric input,<javascript><jquery><html><html5>,51,14,147,,12/12/2012 4:47
11832914,1,11832950,,8/6/2012 17:17,,1233,1022883,360705,,1438029,,1/17/2017 21:25,2/23/2017 23:55,Round to at most 2 decimal places,<javascript><decimal><rounding><decimal-point>,38,2,222,,
466345,1,466376,,1/21/2009 18:00,,931,1031856,12870,Oli,1433392,Ben Blank,6/11/2016 15:33,2/28/2017 17:37,Converting string into datetime,<python><datetime>,14,1,194,,
166221,1,,,10/3/2008 10:22,,2181,1033851,2138,Sergio del Amo,5371821,Chris Marasti-Georg,1/26/2016 8:31,2/5/2017 2:50,How can I upload files asynchronously?,<javascript><jquery><ajax><asynchronous><upload>,25,8,1276,,
224732,1,,,10/22/2008 7:14,,576,1034611,,Boerseun,832136,Nigel Campbell,2/5/2013 21:50,1/2/2017 11:40,SQL update from one Table to another based on a ID match,<sql><sql-server><select><join><sql-update>,16,0,181,,
3296644,1,3296701,,7/21/2010 5:57,,438,1034884,386263,,1922144,,11/29/2014 11:30,2/23/2017 15:31,Hiding the scrollbar on an HTML page,<css><browser><scrollbar>,17,3,119,,
6797984,1,6797990,,7/23/2011 3:08,,940,1035513,858922,,541136,,8/24/2015 1:17,2/28/2017 22:49,How to convert string to lowercase in Python?,<python><string><unicode><uppercase><lowercase>,6,4,84,,
2757396,1,2757401,,5/3/2010 10:31,,514,1038229,213269,,213269,,5/3/2010 10:41,1/13/2017 18:38,How do I comment out a block of tags in XML?,<xml><comments>,6,2,70,,
9529078,1,9530204,,3/2/2012 6:36,,398,1044748,1241571,,508666,,5/24/2015 1:59,1/11/2017 12:40,How do I use 'git reset --hard HEAD' to revert to a previous commit?,<git><head><git-reset><git-revert>,2,3,117,7/22/2014 3:33,
1014861,1,1014958,,6/18/2009 19:59,,1890,1047437,123415,,123415,,11/11/2016 23:15,2/20/2017 18:37,Is there a CSS parent selector?,<css><css-selectors>,25,14,314,,
589575,1,,,2/26/2009 7:59,,566,1048357,2796,J&#233;r&#244;me,15168,Jonathan Leffler,5/6/2016 18:09,5/6/2016 18:09,"What does the C++ standard state the size of int, long type to be?",<c++><c++-faq>,24,11,293,,
3003145,1,,,6/9/2010 4:50,,768,1048645,356170,,1306684,,2/23/2016 16:39,12/29/2016 15:18,How to get the client IP address in PHP?,<php><environment-variables><ip-address>,21,0,208,,
94591,1,94608,,9/18/2008 17:18,,1003,1048750,15054,GillBates,3184087,JBB,10/5/2016 1:36,2/6/2017 22:21,What is the maximum value for an int32?,<integer>,39,12,154,,
53513,1,53522,,9/10/2008 6:20,,1835,1049429,4872,Ray Vega,100297,,4/18/2014 9:42,2/3/2017 18:34,Best way to check if a list is empty,<python><list>,26,3,304,,
9477906,1,9478035,,2/28/2012 7:20,,76,1055595,989290,,1862812,,9/22/2015 15:56,11/8/2015 2:40,"Password must be 8 characters including 1 uppercase letter, 1 special character, alphanumeric characters",<c#><regex>,8,10,24,,
153724,1,153785,,9/30/2008 16:01,,751,1060930,12149,,18160,Blair Conrad,12/29/2016 17:02,3/1/2017 8:00,How to round a number to n decimal places in Java,<java><decimal><rounding><digits>,26,1,213,,
2835559,1,2835672,,5/14/2010 15:54,,636,1066524,453712,,642572,,1/23/2017 8:57,1/23/2017 8:57,Parsing values from a JSON file using Python?,<python><json><parsing>,5,0,209,,
979975,1,979995,,6/11/2009 8:32,,615,1068394,120457,,31493,,8/12/2016 18:25,3/3/2017 13:40,How to get the value from the GET parameters?,<javascript><url>,40,3,192,,
1672338,1,1672349,,11/4/2009 8:13,,426,1069205,325418,,,,,11/3/2016 18:46,How to sleep for 5 seconds in Windows's Command Prompt? (or DOS),<windows><command-line><batch-file><sleep>,31,2,88,,
1128723,1,1128728,,7/15/2009 0:03,,1407,1070642,16534,,3453226,,8/28/2015 16:19,4/26/2016 15:11,How can I test if an array contains a certain value?,<java><arrays>,23,8,246,,
28098,1,28111,,8/26/2008 13:56,,396,1071769,2680,,63550,,2/2/2014 10:10,1/25/2017 6:36,ToString() equivalent in PHP,<php><string>,23,1,47,,
6159900,1,6159912,,5/28/2011 5:44,,542,1077707,419116,,2867928,,12/14/2015 18:43,1/1/2017 21:19,Correct way to write line to file in Python,<python><file-io>,8,2,116,,
159521,1,159537,,10/1/2008 20:22,,1023,1078478,17865,Yuvi,164901,michaelpryor,3/14/2010 20:24,2/21/2017 8:58,"Text editor to open big (giant, huge, large) text files",<windows><xml><editor><text-editor><large-files>,2,22,352,1/27/2012 1:47,1/22/2010 9:44
1575141,1,,,10/15/2009 21:18,,1225,1081123,190874,,1317805,,4/19/2015 17:10,2/14/2017 13:12,Make div 100% height of browser window,<html><css><height>,22,4,482,,
4216745,1,4216767,,11/18/2010 15:53,,536,1086601,123891,,2053228,,2/4/2016 4:33,2/9/2017 9:05,Java string to date conversion,<java><string><date><time><data-conversion>,13,4,209,,
472906,1,10380166,,1/23/2009 13:39,,1641,1087521,45603,Vulcan Eager,63550,Dale Ragan,1/9/2017 1:15,1/9/2017 1:22,How do I get a consistent byte representation of strings in C# without manually specifying an encoding?,<c#><.net><string>,35,29,387,,
1135245,1,1135251,,7/16/2009 3:23,,958,1088164,84916,,445131,,8/11/2013 20:54,2/21/2017 10:04,How to get a list of MySQL user accounts,<mysql><mysql5>,13,0,173,,
60174,1,60496,,9/12/2008 23:55,,2785,1088763,428190,Andrew G. Johnson,707111,user456814,10/1/2016 8:08,2/8/2017 14:25,How can I prevent SQL injection in PHP?,<php><mysql><sql><security><sql-injection>,28,0,2909,,11/5/2012 16:18
995183,1,995193,,6/15/2009 9:22,,711,1088921,45261,,576831,,9/3/2011 22:13,9/22/2016 9:58,How to allow only numeric (0-9) in HTML  inputbox using jQuery?,<jquery><html><validation><numeric>,60,15,284,,1/19/2012 0:17
1960240,1,1960245,,12/25/2009 1:31,,569,1089140,25645,,451518,,7/28/2014 10:19,12/21/2016 9:22,jQuery AJAX submit form,<jquery><ajax><submit><form-submit><html-form>,14,1,236,,
858572,1,858590,,5/13/2009 15:12,,473,1089303,93796,,2040375,,11/8/2014 13:27,2/13/2017 20:37,How to make a new List in Java,<java><list><collections>,19,6,78,,
2068344,1,2068371,,1/14/2010 23:34,,1571,1094426,241654,,87015,,4/27/2015 13:47,2/16/2017 5:59,How do I get a YouTube video thumbnail from the YouTube API?,<php><curl><youtube><youtube-api><youtube-data-api>,20,0,896,,
5016505,1,5016587,,2/16/2011 12:38,,407,1095956,404395,,520567,,6/1/2015 18:09,3/24/2016 14:18,MySQL: Grant **all** privileges on database,<mysql><mariadb><mysql-error-1142>,9,6,163,,
215497,1,215505,,10/18/2008 19:53,,1783,1096399,625,,832230,,8/7/2016 2:49,1/14/2017 20:32,"In Java, difference between default, public, protected, and private",<java><private><public><protected><access-modifiers>,22,10,815,,
332872,1,332888,,12/2/2008 2:37,,1790,1097519,9021,nickf,2619912,,10/31/2014 13:13,1/26/2017 21:31,Encode URL in JavaScript?,<javascript><url><encoding>,12,3,402,,
1628088,1,1628334,,10/27/2009 0:27,,1601,1104262,128983,,1264804,,2/19/2016 18:18,2/23/2017 18:15,Reset local repository branch to be just like remote repository HEAD,<git><undo>,15,3,568,,
400212,1,,,12/30/2008 13:09,,2025,1107007,4264,Dawkins,123671,,1/12/2015 20:40,1/18/2017 13:56,How do I copy to the clipboard in JavaScript?,<javascript><clipboard><copy-paste>,36,7,640,,
630453,1,630475,,3/10/2009 14:25,,3407,1111127,19268,alex,124119,Brian R. Bondy,7/13/2013 23:36,2/14/2017 6:55,PUT vs POST in REST,<http><rest><post><put>,28,8,1570,,
3087975,1,3088012,,6/21/2010 19:45,,1124,1111201,246114,,2680216,,4/12/2015 22:57,1/19/2017 11:17,How can I make the cursor a hand when a user hovers over a list item?,<css>,17,3,121,,
966225,1,966234,,6/8/2009 18:24,,749,1123133,388548,,2476755,,4/20/2015 2:52,1/3/2017 1:07,How can I create a two dimensional array in JavaScript?,<javascript><arrays><multidimensional-array>,33,4,167,,
2706500,1,2706537,,4/24/2010 23:09,,1002,1124615,434051,,4322,,3/9/2015 21:26,2/27/2017 8:46,How do I generate a random int number in C#?,<c#><random>,21,1,96,,
2594829,1,2594855,,4/7/2010 18:17,,770,1126148,279776,,419956,,5/8/2015 7:23,2/22/2017 15:02,Finding duplicate values in a SQL table,<sql><duplicates>,22,1,266,,
7352493,1,7385128,,9/8/2011 18:02,,779,1127217,834063,,834063,,2/18/2013 19:19,1/11/2017 8:19,Failed to load the JNI shared Library (JDK),<eclipse><jni><java>,37,9,160,,12/1/2013 9:17
826782,1,,,5/5/2009 20:29,,3518,1131540,,anon,1063716,anon,7/22/2016 15:45,3/2/2017 17:34,How to disable text selection highlighting using CSS?,<css><cross-browser><highlighting><textselection>,33,8,1013,,
2619584,1,,,4/12/2010 2:37,,314,1133280,312402,,63550,,9/6/2015 11:18,9/17/2016 14:36,How to set java_home on Windows 7?,<java><windows-7><java-home><system-variable>,16,7,86,,
2389361,1,2389423,,3/5/2010 19:24,,2345,1133472,107277,,3190005,,10/28/2016 16:44,2/16/2017 21:54,Undo a Git merge that hasn't been pushed yet,<git><undo><git-merge>,24,5,763,,
26551,1,92057,,8/25/2008 18:14,,717,1136300,730,Keng,2642204,Keng,10/9/2014 13:36,11/15/2016 12:49,How to pass command line parameters to a batch file?,<windows><batch-file><command-line><cmd>,12,2,163,,
8313941,1,8313994,,11/29/2011 16:08,,10,1139286,942767,,63550,,6/30/2014 17:46,6/30/2014 17:47,"Match the path of a URL, minus the filename extension",<regex><nginx>,11,1,4,,
627435,1,627453,,3/9/2009 18:16,,726,1140204,51816,Joan Venge,920371,,12/16/2014 22:22,2/15/2017 13:09,How to remove an element from a list by index in Python?,<python><list>,10,7,111,,
208105,1,208106,,10/16/2008 10:57,,3614,1143073,27929,johnstok,63550,,2/19/2017 8:59,2/19/2017 8:59,How do I remove a property from a JavaScript object?,<javascript><javascript-objects><object-properties>,18,1,646,,
171027,1,171049,,10/4/2008 21:33,,1700,1145602,5441,Darryl Hein,1709587,Darryl Hein,12/30/2015 19:39,10/14/2016 5:18,Add table row in jQuery,<javascript><jquery><html-table>,27,3,401,,
7172784,1,7173011,,8/24/2011 8:51,,1293,1147288,453596,,5136131,,9/20/2016 18:46,2/14/2017 21:40,How to POST JSON data with Curl from Terminal/Commandline to Test Spring REST?,<json><rest><spring-mvc><curl>,13,2,381,,
273192,1,273227,,11/7/2008 18:56,,1950,1150232,13055,Parand,2062965,Parand,2/16/2017 14:38,2/16/2017 14:38,How to check if a directory exists and create it if necessary?,<python><exception><directory>,21,5,498,,
61212,1,64966,,9/14/2008 9:06,,4323,1150742,4883,Tim,775138,,2/10/2017 23:48,3/2/2017 20:09,How to remove local (untracked) files from the current Git working tree?,<git><branch><git-branch>,27,4,1115,,
18153234,1,18153551,,8/9/2013 18:24,,717,1157333,303477,,3576214,,4/18/2016 11:32,1/11/2017 14:05,Center a column using Twitter Bootstrap 3,<css><twitter-bootstrap><twitter-bootstrap-3><centering>,22,0,282,,
918886,1,918931,,5/28/2009 2:03,,1134,1159411,45654,,156060,,5/4/2016 23:55,1/24/2017 2:33,How do I split a string on a delimiter in Bash?,<bash><shell><scripting>,31,4,352,,
273159,1,273188,,11/7/2008 18:48,,334,1163497,16794,Jason,1563422,,5/17/2013 6:21,1/4/2017 10:11,How to determine if a port is open on a Windows server?,<windows-server-2003><port><ping>,15,2,97,,
455612,1,,,1/18/2009 18:16,,709,1174053,,kevin,2411320,Gareth,2/10/2016 2:13,12/31/2016 10:51,Limiting floats to two decimal points,<python><floating-point><precision>,14,8,160,,
3390396,1,3390426,,8/2/2010 17:53,,1381,1175752,328397,,63550,,11/23/2014 13:29,3/3/2017 19:37,"How to check for ""undefined"" in JavaScript?",<javascript><undefined>,16,6,397,10/10/2014 13:59,
1027354,1,1027367,,6/22/2009 13:57,,1479,1178228,38172,,35349,,12/30/2016 16:11,2/23/2017 1:30,Need an unordered list without any bullets,<html><css>,19,0,139,,
122102,1,122704,,9/23/2008 16:26,,3514,1198017,12694,,4390133,JasonBunting,2/24/2017 14:25,2/24/2017 14:25,What is the most efficient way to deep clone an object in JavaScript?,<javascript><object><clone>,46,11,1068,,5/6/2013 20:45
1519006,1,1519032,,10/5/2009 9:21,,2158,1199125,109305,,109305,,4/26/2016 10:45,2/15/2017 6:57,How do you create a remote Git branch?,<git><branch><git-branch>,16,2,865,,
613183,1,613218,,3/5/2009 0:49,,2074,1199814,2786,FKCoder,603977,FKCoder,7/22/2014 3:04,2/23/2017 5:55,Sort a Python dictionary by value,<python><sorting><dictionary>,35,5,726,,
1338728,1,1338744,,8/27/2009 3:39,,2020,1204689,128983,,,user456814,10/16/2015 4:34,3/1/2017 15:15,Delete commits from a branch in Git,<git><git-rebase>,21,4,787,,
17666249,1,17666279,,7/16/2013 0:43,,702,1207197,1915046,,63550,,11/29/2014 9:31,3/1/2017 10:55,How to import an SQL file using the command line in MySQL?,<mysql><sql><command-line><import>,28,1,267,,
116292,1,116345,,9/22/2008 17:35,,48,1208697,20603,Brayn,63550,Marc Gear,6/3/2011 11:53,9/30/2011 19:22,What is the best IDE for PHP?,<php><ide>,40,0,209,6/8/2011 13:40,8/1/2010 0:13
231767,1,231855,,10/23/2008 22:21,,6084,1210830,18300,Alex. S.,1063716,Scott Dorman,2/13/2017 8:32,3/1/2017 13:36,"What does the ""yield"" keyword do in Python?",<python><iterator><generator><yield><coroutine>,32,0,3850,,
585945,1,585965,,2/25/2009 13:15,,772,1215053,3241,kristof,483779,,11/24/2016 2:36,1/15/2017 19:59,How to align content of a div to the bottom?,<css><vertical-alignment>,19,0,140,,
3518002,1,3518011,,8/19/2010 1:10,,703,1215721,193251,,1806780,,8/10/2015 7:38,9/6/2016 22:59,How can I set the default value for an HTML <select> element?,<html><html-select>,15,1,75,,
40480,1,,,9/2/2008 20:14,,4035,1217540,4315,,2991525,user4642421,5/7/2016 10:47,2/24/2017 10:13,"Is Java ""pass-by-reference"" or ""pass-by-value""?",<java><methods><parameter-passing><pass-by-reference><pass-by-value>,75,23,1822,,9/14/2012 18:22
3029422,1,3029434,,6/12/2010 17:00,,741,1220514,103264,,2756409,,5/11/2016 13:58,2/21/2017 8:01,How do I auto-resize an image to fit a div container,<html><css><image><autoresize>,25,1,209,,
409784,1,409795,,1/3/2009 20:39,,1109,1220749,12149,,474189,,3/19/2015 11:40,12/5/2016 20:41,What's the simplest way to print a Java array?,<java><arrays><printing>,24,5,249,,
510348,1,,,2/4/2009 7:04,,1248,1223789,46646,,243587,Tony Meyer,5/4/2014 22:32,2/28/2017 19:45,How can I make a time delay in Python?,<python><sleep><timedelay>,5,1,134,,
218384,1,218510,,10/20/2008 13:18,,211,1230045,29182,Ziggy,2193767,Rich B,5/26/2016 16:15,1/21/2017 10:58,"What is a NullPointerException, and how do I fix it?",<java><nullpointerexception>,12,0,347,,
1150163,1,7372377,,7/19/2009 15:51,,599,1237706,114298,,96729,,8/26/2014 14:22,1/7/2017 18:52,Stretch and scale a CSS image in the background - with CSS only,<css><background>,16,9,155,,
1056728,1,1056730,,6/29/2009 5:44,,1116,1242184,65670,,63550,,4/24/2015 18:30,2/6/2017 7:22,Where can I find documentation on formatting a date in JavaScript?,<javascript><datetime><date>,33,6,343,,2/4/2013 10:48
415511,1,415519,,1/6/2009 4:54,,1315,1246954,46646,,616460,S.Lott,5/16/2015 14:30,12/14/2016 6:33,How to get current time in Python,<python><datetime><time>,21,0,214,,
201101,1,201116,,10/14/2008 13:13,,630,1255229,17693,Matt,1505939,,4/23/2016 12:34,2/15/2017 16:28,How to initialize all members of an array to the same value,<c><arrays><initialization><array-initialize>,17,4,253,,
2610497,1,2610741,,4/9/2010 19:54,,2944,1257702,160173,,160173,,1/17/2017 15:36,2/13/2017 8:19,Change an HTML5 input's placeholder color with CSS,<html><css><html5><placeholder><html-input>,27,5,876,,10/29/2013 17:18
1911109,1,1911126,,12/15/2009 23:06,,1343,1259023,207419,,1063716,,9/9/2016 15:28,9/9/2016 15:28,How to clone a specific Git branch?,<git><git-branch><git-clone>,7,2,446,3/4/2014 22:28,
951021,1,39914235,,6/4/2009 14:41,,1017,1267202,26004,,664833,,9/6/2016 7:18,1/10/2017 2:09,What is the JavaScript version of sleep()?,<javascript><sleep>,60,30,212,,10/15/2013 12:40
638975,1,638980,,3/12/2009 14:48,,1805,1277474,1288,Bill the Lizard,6862601,,1/25/2017 5:37,1/25/2017 5:37,How do I tell if a regular file does not exist in Bash?,<bash><file-io><scripting>,16,7,306,,
867916,1,867981,,5/15/2009 10:30,,1142,1277559,79980,,1946501,,1/22/2016 20:19,11/21/2016 12:27,Creating a div element in jQuery,<javascript><jquery><html><append><jquery-append>,25,2,287,,
5135019,1,5135033,,2/27/2011 18:30,,523,1277770,625072,,3541881,,4/1/2016 22:06,4/1/2016 22:06,CSS opacity only to background color not the text on it?,<css><opacity>,11,3,108,12/21/2014 7:42,
1232040,1,1232046,,8/5/2009 9:08,,1960,1278122,149738,,63550,,11/11/2015 19:22,3/3/2017 8:02,How do I empty an array in JavaScript?,<javascript><arrays>,23,2,403,,
470617,1,,,1/22/2009 20:09,,499,1281482,,Mike,993547,Kip,10/7/2016 8:50,1/26/2017 11:13,How to get the current date and time in PHP?,<php><datetime>,23,0,105,,
1602934,1,1602964,,10/21/2009 19:05,,1392,1281965,112850,,505893,,5/2/2013 6:45,3/1/2017 9:03,Check if a given key already exists in a dictionary,<python><dictionary>,14,5,215,,
6591213,1,6591218,,7/6/2011 3:20,,4812,1284152,338204,,63550,,3/4/2017 22:04,3/4/2017 22:14,How do I rename a local Git branch?,<git><git-branch>,19,0,711,,
309424,1,309448,,11/21/2008 16:47,,2498,1299197,16616,Johnny Maelstrom,102937,,7/16/2012 20:32,2/24/2017 19:28,Read/convert an InputStream to a String,<java><string><io><stream><inputstream>,50,3,712,,
10382929,1,11432195,,4/30/2012 11:28,,1130,1304027,898042,,540552,,10/11/2016 18:49,1/19/2017 15:59,How to fix java.lang.UnsupportedClassVersionError: Unsupported major.minor version,<java><jvm><incompatibility><unsupported-class-version>,39,7,288,,
1531093,1,4929629,,10/7/2009 11:39,,1242,1312052,96180,,63550,,1/10/2017 19:59,2/27/2017 7:19,How do I get the current date in JavaScript?,<javascript><date>,33,7,228,,
663171,1,663175,,3/19/2009 17:29,,1098,1312345,51816,Joan Venge,102937,SilentGhost,4/10/2015 16:25,12/30/2016 22:36,Is there a way to substring a string in Python?,<python><string>,13,0,174,,
194852,1,545672,,10/11/2008 23:49,,1094,1318172,27109,John,632293,Dana,11/23/2016 13:24,2/27/2017 4:03,Concatenate many rows into a single text string?,<sql><sql-server><string-concatenation><group-concat>,37,5,378,,
4088467,1,15903284,,11/3/2010 15:07,,595,1318547,246963,,63550,,12/13/2014 18:43,1/31/2017 8:10,Get the value in an input text box,<jquery><html><jquery-selectors><textinput>,7,1,113,,
1024847,1,1024851,,6/21/2009 22:07,,1332,1323047,90777,,3889449,,4/23/2015 14:57,2/23/2017 17:31,Add key to a dictionary in Python?,<python><dictionary>,14,0,225,,
252703,1,252711,,10/31/2008 5:55,,1825,1325657,15055,Claudiu,355230,,6/21/2016 0:35,2/11/2017 1:59,append vs. extend,<python><list><append><extend>,21,0,348,,
234075,1,,,10/24/2008 15:43,,827,1328125,7341,hmason,396458,Corin,10/12/2012 22:44,1/24/2013 22:31,What is your best programmer joke?,<language-agnostic>,459,1,3931,,10/24/2008 16:32
18082,1,1830844,,8/20/2008 14:21,,1880,1329139,29,mharen,2571493,,12/7/2016 3:57,2/23/2017 15:16,Validate decimal numbers in JavaScript - IsNumeric(),<javascript><validation><numbers>,46,10,675,,7/9/2013 23:10
1414365,1,1414366,,9/12/2009 5:21,,1536,1336910,104015,,1946501,,1/22/2016 20:19,6/14/2016 11:12,Disable/enable an input with jQuery?,<javascript><jquery><html-input>,8,2,234,,
46898,1,46908,,9/5/2008 21:12,,1767,1346933,4807,iMack,1253136,,12/28/2015 15:04,10/26/2016 11:05,How to efficiently iterate over each Entry in a Map?,<java><dictionary><iteration>,32,1,446,,
1053424,1,21429652,,6/27/2009 19:09,,799,1352902,51649,,63550,,12/27/2016 15:20,2/1/2017 7:33,How do I get PHP errors to display?,<php><error-reporting>,16,2,224,,
3552461,1,3552493,,8/23/2010 23:28,,715,1354444,4653,,1946501,,2/18/2016 9:07,3/4/2017 22:33,How to format a JavaScript date,<javascript><date><date-format><time-format>,33,2,116,,
81584,1,,,9/17/2008 9:53,,1031,1355831,15461,HG,16587,husayt,11/11/2014 1:57,4/25/2016 17:27,What IDE to use for Python?,<python><ide><editor>,1,0,1861,9/13/2016 19:45,3/22/2011 16:12
3207219,1,,,7/8/2010 19:31,,1741,1362106,385652,,355230,,2/6/2017 19:56,3/3/2017 15:18,How to list all files of a directory?,<python><directory>,21,1,438,,
2647867,1,2647888,,4/15/2010 18:12,,1125,1364735,281488,,4395287,,5/6/2016 5:18,3/5/2017 2:11,How to determine if variable is 'undefined' or 'null'?,<javascript><jquery><variables><null><undefined>,19,0,231,,
4907843,1,4907854,,2/5/2011 15:52,,1175,1366771,137100,,19068,,11/19/2015 11:05,2/28/2017 4:50,Open a URL in a new tab (and not a new window) using JavaScript,<javascript>,26,14,212,,
653714,1,,,3/17/2009 10:45,,1095,1368763,42829,Ferds,63550,Ferds,2/24/2016 19:45,1/27/2017 11:52,Insert results of a stored procedure into a temporary table,<sql><sql-server><sql-server-2005><tsql><stored-procedures>,24,4,329,,
85190,1,85206,,9/17/2008 16:44,,830,1373153,5074,Jay R.,707111,,3/22/2014 16:08,12/7/2016 17:48,How does the Java for each loop work?,<java><foreach><syntactic-sugar>,19,0,199,,
1643227,1,1643247,,10/29/2009 12:02,,1579,1380005,170231,,2202702,,10/23/2015 20:13,1/18/2017 21:56,Get selected text from a drop-down list (select box) using jQuery,<javascript><jquery><drop-down-menu><jquery-selectors>,26,3,242,,
52704,1,52719,,9/9/2008 19:33,,2920,1386261,4883,Tim,63550,,10/30/2016 14:53,2/9/2017 10:44,How do I discard unstaged changes in Git?,<git>,28,4,979,,
10873295,1,11289275,,6/3/2012 19:30,,367,1390431,1108484,,63550,,8/2/2013 20:04,2/20/2017 12:09,"Error message ""Forbidden You don't have permission to access / on this server""",<apache><configuration><httpd.conf><http-status-code-403>,29,8,162,,
369602,1,369608,,12/15/2008 20:28,,1457,1415816,11522,Ben,63550,,2/2/2014 2:01,9/22/2016 22:10,Delete an element from an array,<php><arrays>,21,5,243,,
806000,1,806189,,4/30/2009 9:00,,1708,1420297,87971,,20578,,4/18/2016 12:09,2/11/2017 8:00,How do I give text or an image a transparent background using CSS?,<html><css><opacity>,25,8,394,,
5590381,1,5591169,,4/8/2011 4:19,,833,1423675,490246,,2174742,,10/8/2014 6:22,2/23/2017 6:06,Easiest way to convert int to string in C++,<c++><string><int><type-conversion>,18,6,242,,
768431,1,,,4/20/2009 14:13,,681,1453500,93181,,1796345,,12/15/2014 19:25,1/28/2017 14:48,How to make a redirect in PHP?,<php><redirect>,17,6,191,,
406192,1,406208,,1/2/2009 6:42,,1299,1454412,44984,venkatachalam,2619912,,10/31/2014 13:16,10/14/2016 8:31,Get current URL in JavaScript?,<javascript><jquery><url><path>,27,5,313,,
6677035,1,6677069,,7/13/2011 9:49,,1444,1457194,735997,,2756409,,4/4/2016 12:38,2/27/2017 10:09,jQuery scroll to element,<jquery>,22,0,463,,
452859,1,,,1/17/2009 5:55,,942,1458699,,rits,497040,Jeff Atwood,10/1/2015 11:03,2/3/2017 8:40,Inserting multiple rows in a single SQL query?,<sql><sql-server><tsql><insert>,4,8,155,8/22/2013 14:30,
3437059,1,3437070,,8/9/2010 2:52,,1741,1460908,39677,,2891365,,9/10/2015 22:47,11/20/2016 18:58,Does Python have a string contains substring method?,<python><string><substring><contains>,10,3,197,,
1825585,1,1825807,,12/1/2009 11:30,,1501,1462740,35483,,35483,user195488,8/29/2016 10:41,3/4/2017 9:09,Determine installed PowerShell version,<powershell>,20,0,226,,
154059,1,154068,,9/30/2008 17:17,,1648,1469560,5619,Saul,69346,,5/15/2015 17:24,12/21/2016 9:09,How do you check for an empty string in JavaScript?,<javascript><null><is-empty>,34,1,310,,
176918,1,176921,,10/7/2008 1:39,,1423,1477629,25680,,562769,,1/15/2015 9:54,12/24/2016 14:24,Finding the index of an item given a list containing it in Python,<python><list>,17,0,261,,
351409,1,351421,,12/9/2008 0:20,,2147,1489174,8482,interstar,4642212,interstar,1/14/2017 1:55,2/22/2017 12:46,How to append something to an array?,<javascript><arrays><append>,20,0,218,,12/9/2008 0:23
388242,1,,,12/23/2008 5:23,,4261,1494039,14388,grepsedawk,16587,grepsedawk,3/20/2014 11:46,11/7/2016 10:24,The Definitive C++ Book Guide and List,<c++><c++-faq>,1,0,7461,,12/23/2008 5:23
205736,1,205746,,10/15/2008 17:54,,773,1496239,1287,vitule,330315,,11/27/2015 7:57,2/16/2017 7:01,Get list of all tables in Oracle?,<sql><oracle>,16,0,198,,
596351,1,596369,,2/27/2009 19:53,,1850,1498867,1782,Juan Manuel,1946501,Juan Manuel,1/22/2016 20:19,10/19/2016 14:52,How can I know which radio button is selected via jQuery?,<javascript><jquery><jquery-selectors><radio-button>,30,0,304,,
953918,1,953934,,6/5/2009 1:44,,536,1506867,75500,,435605,,8/12/2015 15:56,2/15/2017 17:36,How to align a <div> to the middle (horizontally/width) of the page,<css><html><alignment><center>,24,0,128,,
5404839,1,5404869,,3/23/2011 11:55,,1610,1509186,505762,,4481,,5/7/2013 19:28,1/14/2017 16:15,How can I refresh a page with jQuery?,<javascript><jquery><refresh><reload>,16,2,282,,
306583,1,306904,,11/20/2008 19:44,,1794,1510452,16974,Peeloo,4642212,,1/14/2017 1:57,1/14/2017 1:57,How to get the children of the $(this) selector?,<javascript><jquery><jquery-selectors><this>,14,0,481,,
348170,1,348234,,12/7/2008 21:57,,5679,1514693,14069,ceretullis,1063716,,7/22/2016 15:10,10/4/2016 11:02,How to undo 'git add' before commit?,<git><version-control><git-stage>,28,6,1069,,
4750806,1,12476379,,1/20/2011 18:08,,1791,1518698,362951,,7505321,,3/2/2017 11:58,3/2/2017 11:58,How do I install pip on Windows?,<python><windows><installation><pip><easy-install>,31,19,646,,1/18/2014 13:06
4935632,1,4935684,,2/8/2011 16:34,,1275,1522081,,user605334,2619912,,10/31/2014 13:35,2/28/2017 11:17,Parse JSON in JavaScript?,<javascript><json><parsing>,16,2,301,7/18/2015 1:46,
46155,1,46181,,9/5/2008 16:10,,2307,1522973,72,pix0r,63550,Vincent Robert,8/24/2013 20:40,2/13/2017 6:04,Validate email address in JavaScript?,<javascript><regex><validation><email><email-validation>,56,9,645,,9/11/2013 2:21
6768793,1,6768831,,7/20/2011 21:29,,712,1531980,735997,,63550,,2/2/2014 9:48,2/21/2017 19:57,Get the full URL in PHP,<php><url>,24,10,211,,
1712227,1,1712236,,11/11/2009 0:30,,1110,1533262,206504,,541136,,10/31/2016 14:34,2/8/2017 19:24,How to get the size of a list,<python><list>,6,1,96,,
113045,1,113055,,9/22/2008 3:31,,981,1535873,5769,eddiegroves,1917091,Glenn Slaven,9/11/2013 17:12,1/27/2017 21:10,How to return the date part only from a SQL Server datetime datatype,<sql><sql-server><tsql><date><datetime>,33,8,205,,
4716503,1,4716521,,1/17/2011 18:29,,623,1547260,130888,,2157640,,1/15/2016 13:12,1/14/2017 14:54,Reading a plain text file in Java,<java><file-io><ascii>,20,6,216,,
161813,1,,,10/2/2008 11:31,,3419,1552766,3713,Spoike,1063716,user456814,7/22/2016 15:47,2/28/2017 1:31,How to resolve merge conflicts in Git?,<git><git-merge><merge-conflict-resolution><git-conflict-resolution>,25,10,1216,,
1144783,1,17606289,,7/17/2009 17:53,,2173,1603508,49153,,3618581,,11/3/2016 8:00,2/25/2017 5:45,How to replace all occurrences of a string in JavaScript?,<javascript><replace>,31,4,435,,
236129,1,237280,,10/25/2008 8:58,,2139,1608696,1630,Ash,2757079,Brian R. Bondy,10/12/2016 12:19,2/28/2017 10:28,Split a string in C++?,<c++><string><split><stdstring><c++-faq>,68,8,1025,,3/13/2012 12:04
5487892,1,5487936,,3/30/2011 14:45,,314,1622362,455195,,1045444,,8/10/2016 13:12,2/10/2017 17:47,SQL Server: CASE WHEN OR THEN ELSE END => the OR is not supported,<sql><sql-server><tsql><case><case-when>,9,0,57,,
292357,1,292359,,11/15/2008 9:51,,7441,1623541,6068,J. Pablo Fern&#225;ndez,1063716,,2/13/2017 8:31,2/13/2017 8:31,What is the difference between 'git pull' and 'git fetch'?,<git><git-pull><git-fetch>,37,5,1494,,
59838,1,59839,,9/12/2008 20:06,,2320,1626025,4120,Grundlefleck,3744681,Grundlefleck,12/17/2015 9:18,1/31/2017 11:46,Check if a directory exists in a shell script,<shell><unix><posix>,28,0,477,,
221294,1,221297,,10/21/2008 9:29,,2689,1633443,6068,J. Pablo Fern&#225;ndez,87015,J. Pablo Fern&#225;ndez,4/27/2015 21:49,11/22/2016 21:54,How do you get a timestamp in JavaScript?,<javascript><date><datetime><timestamp><unix-timestamp>,32,1,432,,
3294889,1,3294899,,7/20/2010 22:27,,1268,1636129,1212392,,63550,,3/4/2017 21:46,3/4/2017 21:47,Iterating over dictionaries using 'for' loops in Python,<python><python-2.7><dictionary>,8,0,283,,
3277503,1,,,7/18/2010 22:25,,1070,1645902,395371,,63550,,3/4/2017 21:52,3/4/2017 21:57,How do I read a file line-by-line into a list?,<python><string><file><readlines>,26,5,273,,
195951,1,196038,,10/12/2008 20:06,,1785,1661204,4998,Nathan Smith,1529630,Gulzar,6/28/2015 18:32,2/2/2017 0:57,Change an element's class with JavaScript,<javascript><html><dom>,25,2,529,,
25969,1,25971,,8/25/2008 12:45,,853,1666256,244,Shadow_x99,4074148,,1/12/2017 19:13,2/15/2017 16:22,Insert into ... values ( SELECT ... FROM ... ),<sql><database><database-agnostic>,18,1,184,,
961632,1,961638,,6/7/2009 10:22,,725,1669487,105167,,838434,,5/5/2015 9:51,11/21/2016 20:53,Converting integer to string in Python?,<python>,9,4,93,,
1005073,1,1005083,,6/17/2009 4:10,,1537,1673423,119895,,795158,,1/2/2014 9:39,3/1/2017 0:49,Initialization of an ArrayList in one line,<java><collections><arraylist><initialization>,28,5,340,,
237104,1,1473742,,10/25/2008 22:14,,2480,1678074,208,brad,63550,brad,1/7/2017 11:25,2/28/2017 4:29,How do I check if an array includes an object in JavaScript?,<javascript><arrays><browser>,33,6,443,,
477816,1,477819,,1/25/2009 15:25,,7642,1681041,12870,Oli,1153362,,7/10/2013 21:11,3/1/2017 18:25,What is the correct JSON content type?,<json><content-type>,33,0,1189,,
4105331,1,4105406,,11/5/2010 11:11,,547,1689289,238123,,63550,,7/3/2016 4:33,7/3/2016 4:43,How do I convert from int to String?,<java>,17,6,128,,
38549,1,38578,,9/1/2008 22:36,,3264,1705665,3836,cdv,2856868,,1/25/2017 0:13,1/25/2017 0:13,"What is the difference between ""INNER JOIN"" and ""OUTER JOIN""?",<sql><database><join><inner-join><outer-join>,29,2,1788,,
2765421,1,6232535,,5/4/2010 12:58,,2649,1713272,222187,,63550,,3/4/2017 21:48,3/4/2017 21:50,How do I push a new local branch to a remote Git repository and track it too?,<git><repository><git-branch><git-push>,11,2,869,,
178325,1,178450,,10/7/2008 13:03,,5396,1729364,21709,Toytown Mafia,63550,,10/30/2016 16:00,12/13/2016 9:33,How do I check if an element is hidden in jQuery?,<javascript><jquery><dom><visibility>,42,7,714,,
339923,1,3209434,,12/4/2008 8:45,,2469,1737411,1065,kokos,1324,,9/8/2015 17:35,1/11/2017 8:37,Set cellpadding and cellspacing in CSS?,<html><css><alignment><html-table><stylesheet>,24,2,446,,
2885173,1,2885224,,5/21/2010 19:58,,827,1740608,57643,,2932052,,2/14/2017 15:39,2/14/2017 15:39,How do I create a file and write to it in Java?,<java><file-io>,28,0,228,,
89228,1,89243,,9/18/2008 1:35,,2572,1795771,17085,alan lai,2174742,,9/22/2014 12:40,2/14/2017 13:05,Calling an external command in Python,<python><shell><command><subprocess><external>,44,2,951,,
4181703,1,4181721,,11/15/2010 5:38,,1467,1804134,170365,,7221965,,2/1/2017 15:41,2/7/2017 8:50,How to concatenate string variables in Bash?,<bash><shell><unix><append><string-concatenation>,23,0,289,,
162304,1,162305,,10/2/2008 13:37,,498,1806435,730,Keng,63550,JosephStyons,2/7/2016 12:28,2/7/2016 12:28,How do I shutdown - restart - logoff Windows via a bat file?,<windows><command-line><shutdown><restart>,8,0,157,,
1732348,1,1732454,,11/13/2009 22:38,,1326,1818615,142233,,797704,,5/26/2012 20:37,2/12/2017 9:02,RegEx match open tags except XHTML self-contained tags,<html><regex><xhtml>,35,0,5184,,11/19/2009 1:13
1034621,1,1034642,,6/23/2009 19:26,,2015,1832030,,dougoftheabaci,63550,,4/21/2015 9:06,11/8/2016 11:09,Get current URL in web browser,<javascript><url><window.location>,12,3,323,,
950087,1,950146,,6/4/2009 11:59,,3225,1832902,426996,,63550,,12/11/2016 9:30,3/1/2017 9:14,How do I include a JavaScript file in another JavaScript file?,<javascript><file><import><include>,44,5,999,,
8865458,1,8865463,,1/14/2012 21:25,,1203,1834794,508284,,3597276,,5/3/2016 17:01,2/27/2017 9:59,How to vertically center text with CSS?,<html><css><vertical-alignment>,27,4,385,,
20035101,1,20035319,,11/17/2013 19:29,,1177,1840879,2140160,,539465,,4/15/2015 14:56,2/13/2017 17:46,"""No 'Access-Control-Allow-Origin' header is present on the requested resource""",<javascript><cors><restful-authentication><same-origin-policy><flask-restless>,20,8,315,,
82831,1,,,9/17/2008 12:55,,3049,1851721,15616,,1217270,Mark Biek,10/1/2016 23:25,1/21/2017 18:36,How do I check whether a file exists using Python?,<python><file><filesystems>,37,0,536,,
134845,1,,,9/25/2008 17:54,,3118,1857812,8018,2cBGj7vsfp,63550,,2/19/2017 8:58,2/20/2017 15:46,"Which ""href"" value should I use for JavaScript links, ""#"" or ""javascript:void(0)""?",<javascript><html><performance><optimization><href>,48,18,1110,,12/15/2011 9:21
423379,1,423596,,1/8/2009 5:45,,1857,1871257,46646,,2174742,Gerald Kaszuba,9/22/2014 12:58,3/4/2017 22:03,Using global variables in a function other than the one that created them,<python><global-variables><scope>,15,0,434,,
179123,1,179147,,10/7/2008 15:44,,7687,1899304,7473,Laurie Young,871050,,9/18/2016 13:12,2/26/2017 16:48,"How to modify existing, unpushed commits?",<git><git-commit><git-rewrite-history><amend>,27,1,2771,,
92082,1,92123,,9/18/2008 12:30,,1808,1926664,7241,Mathias,6348498,Nigel Campbell,11/16/2016 8:39,2/11/2017 21:04,Add a column with a default value to an existing table in SQL Server,<sql><sql-server>,27,2,297,,
1125968,1,8888015,,7/14/2009 14:58,,3595,1960048,98046,,63550,,1/14/2017 15:08,2/23/2017 13:45,"How do I force ""git pull"" to overwrite local files?",<git><version-control><overwrite><git-pull><git-fetch>,34,5,1565,,
406230,1,406408,,1/2/2009 7:30,,2792,1970268,36830,unknoble,6862601,unknoble,2/10/2017 3:29,2/10/2017 3:29,Regular expression to match a line that doesn't contain a word?,<regex><regex-negation>,22,9,1167,,1/2/2009 7:30
3010840,1,,,6/10/2010 0:04,,1779,1971250,304725,,2749114,,9/20/2016 6:29,2/26/2017 22:55,Loop through an array in JavaScript,<javascript><arrays><for-loop>,31,6,417,,
1571648,1,1571662,,10/15/2009 11:03,,637,2013904,83475,,63550,,7/12/2014 6:32,2/8/2017 12:44,"HTML: Tab space instead of multiple non-breaking spaces (""nbsp"")?",<html>,28,4,116,,
3740152,1,11512211,,9/18/2010 2:31,,880,2075036,380562,,5280543,,8/21/2016 20:52,11/19/2016 0:59,How to set chmod for a folder and all of its subfolders and files in Linux Ubuntu Terminal?,<linux><permissions><folder><chmod>,16,2,496,6/17/2014 11:48,
3481828,1,3481842,,8/14/2010 3:01,,894,2083910,303459,,1395863,,5/8/2015 9:14,3/3/2017 9:39,How to split a string in Java,<java><string>,24,1,214,,
379906,1,379910,,12/19/2008 1:52,,1269,2087842,30529,DrFredEdison,665488,DrFredEdison,2/24/2014 11:01,1/28/2017 16:00,Parse String to Float or Int,<python><string><parsing><floating-point><integer>,18,0,166,,
513832,1,513839,,2/4/2009 23:17,,727,2251721,25645,nute,1288,starblue,1/23/2013 13:36,1/3/2017 19:06,How do I compare strings in Java?,<java><string><equality>,23,4,672,,12/17/2013 11:46
426258,1,426276,,1/8/2009 22:20,,2939,2257964,18107,tpower,1677912,tpower,3/11/2016 18:14,9/29/2016 13:55,"Setting ""checked"" for a checkbox with jQuery?",<javascript><jquery><checkbox><selected><checked>,35,5,542,,
5411538,1,5411567,,3/23/2011 20:58,,1044,2270534,173432,,63550,,11/29/2014 5:53,3/2/2017 10:24,Redirect from an HTML page?,<html>,21,1,217,,
63447,1,63480,,9/15/2008 14:34,,909,2297471,6522,Eric Labashosky,1063716,Nigel Campbell,3/20/2015 22:26,11/30/2016 11:05,How to perform an IF...THEN in an SQL SELECT?,<sql><sql-server><tsql><case>,21,2,199,,
1085801,1,1085810,,7/6/2009 7:25,,1010,2359496,127986,,1063716,,3/20/2015 22:18,2/27/2017 21:04,Get selected value in dropdown list using JavaScript?,<javascript><html-select>,15,1,267,,
1066589,1,1066603,,6/30/2009 23:24,,2238,2377848,84916,,3453226,,9/16/2015 15:21,7/6/2016 19:33,Iterate through a HashMap,<java><loops><hashmap><iteration>,7,5,715,1/10/2012 21:09,
901115,1,901144,,5/23/2009 8:10,,2706,2426844,49742,,19679,,4/7/2015 0:55,1/23/2017 15:23,How can I get query string values in JavaScript?,<javascript><url><plugins><query-string>,73,8,1645,,7/26/2012 20:29
4366730,1,4366748,,12/6/2010 13:14,,1990,2461406,495452,,63550,user3205578,1/8/2017 15:24,2/7/2017 13:57,How do I check if a string contains a specific word in PHP?,<php><string>,38,1,396,,
2334712,1,2334741,,2/25/2010 14:36,,2281,2520842,150939,,256431,,6/22/2015 10:08,2/20/2017 16:34,UPDATE from SELECT using SQL Server,<sql><sql-server><tsql><select><sql-update>,25,0,754,,
184618,1,,,10/8/2008 20:08,,360,2525953,15985,endpoint,102937,Brian,9/18/2011 1:54,11/19/2011 2:24,What is the best comment in source code you have ever encountered?,<comments>,518,0,5416,8/4/2011 12:13,10/8/2008 21:40
1783405,1,1783426,,11/23/2009 14:23,,3818,2526137,179467,,2909897,user456814,12/30/2016 7:13,3/1/2017 23:05,How to check out a remote Git branch?,<git><git-checkout><remote-branch>,14,3,1079,,
